"INFORMATION TYPE","DATE","PERIOD","USEP ($/MWh)","LCP ($/MWh)","DEMAND (MW)","SOLAR(MW)","TCL(MW)"
"USEP","01-Jun-2023","1","570.28","0.00","6431.617","-","0.000"
"USEP","01-Jun-2023","2","548.75","0.00","6316.219","-","0.000"
"USEP","01-Jun-2023","3","508.41","0.00","6215.184","-","0.000"
"USEP","01-Jun-2023","4","487.04","0.00","6162.775","-","0.000"
"USEP","01-Jun-2023","5","477.40","0.00","6103.771","-","0.000"
"USEP","01-Jun-2023","6","456.46","0.00","6049.767","-","0.000"
"USEP","01-Jun-2023","7","426.07","0.00","6012.358","-","0.000"
"USEP","01-Jun-2023","8","404.20","0.00","5998.313","-","0.000"
"USEP","01-Jun-2023","9","395.59","0.00","5982.985","-","0.000"
"USEP","01-Jun-2023","10","416.39","0.00","5995.594","-","0.000"
"USEP","01-Jun-2023","11","416.43","0.00","6052.625","-","0.000"
"USEP","01-Jun-2023","12","456.53","0.00","6168.540","-","0.000"
"USEP","01-Jun-2023","13","446.77","0.00","6338.544","-","0.000"
"USEP","01-Jun-2023","14","456.45","0.00","6480.343","-","0.000"
"USEP","01-Jun-2023","15","353.33","0.00","6651.714","-","0.000"
"USEP","01-Jun-2023","16","394.50","0.00","6855.126","-","0.000"
"USEP","01-Jun-2023","17","445.39","0.00","7015.503","-","0.000"
"USEP","01-Jun-2023","18","455.51","0.00","7076.182","-","0.000"
"USEP","01-Jun-2023","19","402.53","0.00","7090.619","-","0.000"
"USEP","01-Jun-2023","20","402.53","0.00","7091.112","-","0.000"
"USEP","01-Jun-2023","21","394.14","0.00","7085.247","-","0.000"
"USEP","01-Jun-2023","22","404.30","0.00","7106.136","-","0.000"
"USEP","01-Jun-2023","23","445.47","0.00","7140.702","-","0.000"
"USEP","01-Jun-2023","24","434.28","0.00","7115.927","-","0.000"
"USEP","01-Jun-2023","25","353.48","0.00","7035.393","-","0.000"
"USEP","01-Jun-2023","26","322.23","0.00","6972.870","-","0.000"
"USEP","01-Jun-2023","27","353.47","2097.63","7037.413","-","12.000"
"USEP","01-Jun-2023","28","404.70","4500.00","7127.853","-","11.000"
"USEP","01-Jun-2023","29","474.55","0.00","7187.445","-","0.000"
"USEP","01-Jun-2023","30","434.26","0.00","7142.959","-","0.000"
"USEP","01-Jun-2023","31","383.48","0.00","7084.119","-","0.000"
"USEP","01-Jun-2023","32","383.50","1947.83","7086.120","-","11.000"
"USEP","01-Jun-2023","33","383.49","4.79","7067.915","-","11.000"
"USEP","01-Jun-2023","34","358.85","4500.00","7056.663","-","11.000"
"USEP","01-Jun-2023","35","333.38","2342.50","7009.428","-","11.000"
"USEP","01-Jun-2023","36","275.89","0.00","6929.770","-","0.000"
"USEP","01-Jun-2023","37","251.83","0.00","6868.868","-","0.000"
"USEP","01-Jun-2023","38","262.23","0.00","6898.718","-","0.000"
"USEP","01-Jun-2023","39","292.49","0.00","6918.523","-","0.000"
"USEP","01-Jun-2023","40","293.90","0.00","6919.592","-","0.000"
"USEP","01-Jun-2023","41","311.53","0.00","6918.136","-","0.000"
"USEP","01-Jun-2023","42","274.94","0.00","6881.984","-","0.000"
"USEP","01-Jun-2023","43","251.97","0.00","6818.149","-","0.000"
"USEP","01-Jun-2023","44","177.39","0.00","6679.501","-","0.000"
"USEP","01-Jun-2023","45","177.11","0.00","6542.120","-","0.000"
"USEP","01-Jun-2023","46","174.01","0.00","6423.939","-","0.000"
"USEP","01-Jun-2023","47","171.51","0.00","6293.511","-","0.000"
"USEP","01-Jun-2023","48","142.10","0.00","6156.692","-","0.000"
"USEP","02-Jun-2023","1","315.70","0.00","6021.433","-","0.000"
"USEP","02-Jun-2023","2","219.88","0.00","5915.826","-","0.000"
"USEP","02-Jun-2023","3","260.51","0.00","5835.312","-","0.000"
"USEP","02-Jun-2023","4","254.44","0.00","5773.604","-","0.000"
"USEP","02-Jun-2023","5","260.48","0.00","5748.849","-","0.000"
"USEP","02-Jun-2023","6","249.46","0.00","5704.919","-","0.000"
"USEP","02-Jun-2023","7","191.33","0.00","5645.085","-","0.000"
"USEP","02-Jun-2023","8","174.20","0.00","5605.489","-","0.000"
"USEP","02-Jun-2023","9","133.57","0.00","5576.216","-","0.000"
"USEP","02-Jun-2023","10","133.58","0.00","5574.824","-","0.000"
"USEP","02-Jun-2023","11","122.02","0.00","5571.971","-","0.000"
"USEP","02-Jun-2023","12","123.20","0.00","5616.592","-","0.000"
"USEP","02-Jun-2023","13","110.58","0.00","5662.361","-","0.000"
"USEP","02-Jun-2023","14","108.70","0.00","5673.787","-","0.000"
"USEP","02-Jun-2023","15","95.08","0.00","5671.108","-","0.000"
"USEP","02-Jun-2023","16","108.56","0.00","5733.889","-","0.000"
"USEP","02-Jun-2023","17","110.62","0.00","5836.057","-","0.000"
"USEP","02-Jun-2023","18","113.23","0.00","5886.160","-","0.000"
"USEP","02-Jun-2023","19","110.79","0.00","5934.165","-","0.000"
"USEP","02-Jun-2023","20","110.79","0.00","5992.453","-","0.000"
"USEP","02-Jun-2023","21","112.15","0.00","6045.672","-","0.000"
"USEP","02-Jun-2023","22","113.23","0.00","6080.432","-","0.000"
"USEP","02-Jun-2023","23","116.65","0.00","6117.707","-","0.000"
"USEP","02-Jun-2023","24","113.24","0.00","6091.466","-","0.000"
"USEP","02-Jun-2023","25","110.74","0.00","6013.337","-","0.000"
"USEP","02-Jun-2023","26","110.59","0.00","5971.122","-","0.000"
"USEP","02-Jun-2023","27","110.80","0.00","6025.404","-","0.000"
"USEP","02-Jun-2023","28","121.69","0.00","6109.780","-","0.000"
"USEP","02-Jun-2023","29","128.37","0.00","6143.541","-","0.000"
"USEP","02-Jun-2023","30","139.41","0.00","6210.249","-","0.000"
"USEP","02-Jun-2023","31","174.00","0.00","6229.040","-","0.000"
"USEP","02-Jun-2023","32","139.42","0.00","6229.040","-","0.000"
"USEP","02-Jun-2023","33","136.71","0.00","6217.286","-","0.000"
"USEP","02-Jun-2023","34","174.03","0.00","6249.189","-","0.000"
"USEP","02-Jun-2023","35","175.50","0.00","6314.415","-","0.000"
"USEP","02-Jun-2023","36","223.23","0.00","6389.228","-","0.000"
"USEP","02-Jun-2023","37","332.48","0.00","6491.158","-","0.000"
"USEP","02-Jun-2023","38","408.48","0.00","6600.473","-","0.000"
"USEP","02-Jun-2023","39","333.27","0.00","6669.278","-","0.000"
"USEP","02-Jun-2023","40","340.29","0.00","6710.872","-","0.000"
"USEP","02-Jun-2023","41","353.69","0.00","6750.840","-","0.000"
"USEP","02-Jun-2023","42","353.72","0.00","6765.691","-","0.000"
"USEP","02-Jun-2023","43","467.28","0.00","6743.197","-","0.000"
"USEP","02-Jun-2023","44","426.09","0.00","6668.736","-","0.000"
"USEP","02-Jun-2023","45","456.44","0.00","6585.419","-","0.000"
"USEP","02-Jun-2023","46","420.59","0.00","6506.495","-","0.000"
"USEP","02-Jun-2023","47","383.38","0.00","6419.307","-","0.000"
"USEP","02-Jun-2023","48","326.96","0.00","6347.818","-","0.000"
"USEP","03-Jun-2023","1","395.55","0.00","6270.445","-","0.000"
"USEP","03-Jun-2023","2","319.20","0.00","6151.662","-","0.000"
"USEP","03-Jun-2023","3","318.79","0.00","6043.281","-","0.000"
"USEP","03-Jun-2023","4","315.69","0.00","5973.045","-","0.000"
"USEP","03-Jun-2023","5","313.15","0.00","5892.228","-","0.000"
"USEP","03-Jun-2023","6","262.55","0.00","5830.570","-","0.000"
"USEP","03-Jun-2023","7","180.11","0.00","5771.497","-","0.000"
"USEP","03-Jun-2023","8","180.39","0.00","5740.683","-","0.000"
"USEP","03-Jun-2023","9","176.94","0.00","5718.313","-","0.000"
"USEP","03-Jun-2023","10","175.13","0.00","5721.260","-","0.000"
"USEP","03-Jun-2023","11","175.13","0.00","5758.535","-","0.000"
"USEP","03-Jun-2023","12","180.38","0.00","5819.219","-","0.000"
"USEP","03-Jun-2023","13","175.13","0.00","5882.969","-","0.000"
"USEP","03-Jun-2023","14","174.26","0.00","5942.952","-","0.000"
"USEP","03-Jun-2023","15","173.98","0.00","6007.010","-","0.000"
"USEP","03-Jun-2023","16","173.99","0.00","6121.912","-","0.000"
"USEP","03-Jun-2023","17","214.51","0.00","6263.179","-","0.000"
"USEP","03-Jun-2023","18","316.03","0.00","6365.377","-","0.000"
"USEP","03-Jun-2023","19","281.76","0.00","6410.689","-","0.000"
"USEP","03-Jun-2023","20","302.41","0.00","6470.547","-","0.000"
"USEP","03-Jun-2023","21","312.20","0.00","6508.965","-","0.000"
"USEP","03-Jun-2023","22","312.19","0.00","6501.525","-","0.000"
"USEP","03-Jun-2023","23","312.18","0.00","6493.951","-","0.000"
"USEP","03-Jun-2023","24","313.45","0.00","6501.456","-","0.000"
"USEP","03-Jun-2023","25","313.64","0.00","6443.421","-","0.000"
"USEP","03-Jun-2023","26","316.02","0.00","6418.800","-","0.000"
"USEP","03-Jun-2023","27","339.88","0.00","6441.339","-","0.000"
"USEP","03-Jun-2023","28","434.99","0.00","6535.167","-","0.000"
"USEP","03-Jun-2023","29","467.17","0.00","6614.503","-","0.000"
"USEP","03-Jun-2023","30","467.20","0.00","6665.853","-","0.000"
"USEP","03-Jun-2023","31","456.49","0.00","6650.521","-","0.000"
"USEP","03-Jun-2023","32","456.38","0.00","6644.309","-","0.000"
"USEP","03-Jun-2023","33","395.54","0.00","6613.360","-","0.000"
"USEP","03-Jun-2023","34","349.72","0.00","6567.129","-","0.000"
"USEP","03-Jun-2023","35","339.75","0.00","6519.820","-","0.000"
"USEP","03-Jun-2023","36","322.46","0.00","6461.000","-","0.000"
"USEP","03-Jun-2023","37","322.40","0.00","6488.201","-","0.000"
"USEP","03-Jun-2023","38","340.08","0.00","6573.352","-","0.000"
"USEP","03-Jun-2023","39","322.79","0.00","6622.296","-","0.000"
"USEP","03-Jun-2023","40","332.95","0.00","6669.069","-","0.000"
"USEP","03-Jun-2023","41","340.14","0.00","6709.242","-","0.000"
"USEP","03-Jun-2023","42","342.77","0.00","6738.758","-","0.000"
"USEP","03-Jun-2023","43","456.66","0.00","6727.213","-","0.000"
"USEP","03-Jun-2023","44","393.29","0.00","6652.569","-","0.000"
"USEP","03-Jun-2023","45","383.40","0.00","6563.476","-","0.000"
"USEP","03-Jun-2023","46","329.21","0.00","6462.715","-","0.000"
"USEP","03-Jun-2023","47","329.21","0.00","6360.551","-","0.000"
"USEP","03-Jun-2023","48","175.39","0.00","6116.962","-","0.000"
"USEP","04-Jun-2023","1","130.92","0.00","5898.316","-","0.000"
"USEP","04-Jun-2023","2","125.85","0.00","5796.834","-","0.000"
"USEP","04-Jun-2023","3","173.96","0.00","5838.090","-","0.000"
"USEP","04-Jun-2023","4","133.66","0.00","5773.957","-","0.000"
"USEP","04-Jun-2023","5","132.74","0.00","5741.374","-","0.000"
"USEP","04-Jun-2023","6","124.43","0.00","5700.247","-","0.000"
"USEP","04-Jun-2023","7","124.25","0.00","5655.045","-","0.000"
"USEP","04-Jun-2023","8","124.34","0.00","5639.449","-","0.000"
"USEP","04-Jun-2023","9","123.08","0.00","5611.915","-","0.000"
"USEP","04-Jun-2023","10","115.71","0.00","5593.815","-","0.000"
"USEP","04-Jun-2023","11","110.56","0.00","5602.731","-","0.000"
"USEP","04-Jun-2023","12","115.72","0.00","5651.725","-","0.000"
"USEP","04-Jun-2023","13","110.51","0.00","5703.920","-","0.000"
"USEP","04-Jun-2023","14","110.51","0.00","5732.741","-","0.000"
"USEP","04-Jun-2023","15","107.95","0.00","5731.185","-","0.000"
"USEP","04-Jun-2023","16","110.40","0.00","5773.296","-","0.000"
"USEP","04-Jun-2023","17","110.39","0.00","5825.685","-","0.000"
"USEP","04-Jun-2023","18","110.57","0.00","5874.923","-","0.000"
"USEP","04-Jun-2023","19","110.50","0.00","5913.778","-","0.000"
"USEP","04-Jun-2023","20","110.69","0.00","5976.281","-","0.000"
"USEP","04-Jun-2023","21","114.83","0.00","6053.873","-","0.000"
"USEP","04-Jun-2023","22","118.39","0.00","6140.057","-","0.000"
"USEP","04-Jun-2023","23","118.43","0.00","6128.288","-","0.000"
"USEP","04-Jun-2023","24","117.10","0.00","6122.941","-","0.000"
"USEP","04-Jun-2023","25","110.80","0.00","6067.043","-","0.000"
"USEP","04-Jun-2023","26","110.36","0.00","6037.621","-","0.000"
"USEP","04-Jun-2023","27","110.67","0.00","6092.221","-","0.000"
"USEP","04-Jun-2023","28","110.68","0.00","6104.870","-","0.000"
"USEP","04-Jun-2023","29","122.16","0.00","6177.377","-","0.000"
"USEP","04-Jun-2023","30","171.84","0.00","6283.243","-","0.000"
"USEP","04-Jun-2023","31","174.12","0.00","6290.271","-","0.000"
"USEP","04-Jun-2023","32","129.64","0.00","6233.747","-","0.000"
"USEP","04-Jun-2023","33","137.38","0.00","6184.390","-","0.000"
"USEP","04-Jun-2023","34","174.05","0.00","6256.037","-","0.000"
"USEP","04-Jun-2023","35","139.62","0.00","6236.341","-","0.000"
"USEP","04-Jun-2023","36","140.66","0.00","6250.759","-","0.000"
"USEP","04-Jun-2023","37","139.88","0.00","6220.919","-","0.000"
"USEP","04-Jun-2023","38","174.06","0.00","6309.276","-","0.000"
"USEP","04-Jun-2023","39","228.85","0.00","6429.918","-","0.000"
"USEP","04-Jun-2023","40","292.27","0.00","6528.557","-","0.000"
"USEP","04-Jun-2023","41","312.24","0.00","6559.302","-","0.000"
"USEP","04-Jun-2023","42","312.20","0.00","6573.069","-","0.000"
"USEP","04-Jun-2023","43","339.84","0.00","6547.697","-","0.000"
"USEP","04-Jun-2023","44","322.48","0.00","6483.996","-","0.000"
"USEP","04-Jun-2023","45","177.40","0.00","6390.704","-","0.000"
"USEP","04-Jun-2023","46","174.10","0.00","6254.894","-","0.000"
"USEP","04-Jun-2023","47","140.81","0.00","6107.479","-","0.000"
"USEP","04-Jun-2023","48","174.03","0.00","6063.514","-","0.000"
"USEP","05-Jun-2023","1","174.01","0.00","5966.893","-","0.000"
"USEP","05-Jun-2023","2","125.12","0.00","5820.029","-","0.000"
"USEP","05-Jun-2023","3","122.17","0.00","5717.995","-","0.000"
"USEP","05-Jun-2023","4","122.13","0.00","5668.280","-","0.000"
"USEP","05-Jun-2023","5","115.27","0.00","5632.084","-","0.000"
"USEP","05-Jun-2023","6","111.70","0.00","5586.310","-","0.000"
"USEP","05-Jun-2023","7","94.62","0.00","5494.405","-","0.000"
"USEP","05-Jun-2023","8","94.13","0.00","5473.337","-","0.000"
"USEP","05-Jun-2023","9","93.60","0.00","5464.227","-","0.000"
"USEP","05-Jun-2023","10","92.82","0.00","5424.715","-","0.000"
"USEP","05-Jun-2023","11","93.08","0.00","5476.518","-","0.000"
"USEP","05-Jun-2023","12","94.70","0.00","5584.978","-","0.000"
"USEP","05-Jun-2023","13","107.98","0.00","5741.473","-","0.000"
"USEP","05-Jun-2023","14","111.82","0.00","5924.653","-","0.000"
"USEP","05-Jun-2023","15","114.79","0.00","6102.072","-","0.000"
"USEP","05-Jun-2023","16","142.07","0.00","6317.213","-","0.000"
"USEP","05-Jun-2023","17","160.95","0.00","6531.619","-","0.000"
"USEP","05-Jun-2023","18","181.58","0.00","6728.535","-","0.000"
"USEP","05-Jun-2023","19","231.25","0.00","6876.139","-","0.000"
"USEP","05-Jun-2023","20","322.50","0.00","6932.300","-","0.000"
"USEP","05-Jun-2023","21","231.23","0.00","6882.993","-","0.000"
"USEP","05-Jun-2023","22","181.62","0.00","6861.453","-","0.000"
"USEP","05-Jun-2023","23","181.61","0.00","6840.325","-","0.000"
"USEP","05-Jun-2023","24","181.20","0.00","6789.462","-","0.000"
"USEP","05-Jun-2023","25","181.18","0.00","6761.625","-","0.000"
"USEP","05-Jun-2023","26","177.31","0.00","6749.583","-","0.000"
"USEP","05-Jun-2023","27","181.29","0.00","6793.284","-","0.000"
"USEP","05-Jun-2023","28","258.60","0.00","6877.342","-","0.000"
"USEP","05-Jun-2023","29","310.42","0.00","6925.133","-","0.000"
"USEP","05-Jun-2023","30","260.67","0.00","6898.897","-","0.000"
"USEP","05-Jun-2023","31","263.60","3739.50","6896.256","-","11.000"
"USEP","05-Jun-2023","32","324.96","902.97","6951.338","-","12.000"
"USEP","05-Jun-2023","33","329.28","9.41","6960.767","-","11.000"
"USEP","05-Jun-2023","34","340.38","696.46","7004.274","-","11.000"
"USEP","05-Jun-2023","35","339.96","0.00","6989.152","-","0.000"
"USEP","05-Jun-2023","36","322.57","0.00","6933.205","-","0.000"
"USEP","05-Jun-2023","37","325.00","0.00","6941.818","-","0.000"
"USEP","05-Jun-2023","38","324.99","0.00","6969.327","-","0.000"
"USEP","05-Jun-2023","39","332.57","0.00","6970.629","-","0.000"
"USEP","05-Jun-2023","40","340.08","0.00","6991.741","-","0.000"
"USEP","05-Jun-2023","41","343.34","0.00","7006.269","-","0.000"
"USEP","05-Jun-2023","42","332.76","0.00","6982.308","-","0.000"
"USEP","05-Jun-2023","43","343.38","0.00","6946.579","-","0.000"
"USEP","05-Jun-2023","44","347.36","0.00","6813.607","-","0.000"
"USEP","05-Jun-2023","45","292.56","0.00","6637.097","-","0.000"
"USEP","05-Jun-2023","46","174.07","0.00","6443.824","-","0.000"
"USEP","05-Jun-2023","47","175.42","0.00","6280.340","-","0.000"
"USEP","05-Jun-2023","48","122.20","0.00","6038.336","-","0.000"
"USEP","06-Jun-2023","1","118.85","0.00","5846.693","-","0.000"
"USEP","06-Jun-2023","2","113.66","0.00","5762.576","-","0.000"
"USEP","06-Jun-2023","3","122.17","0.00","5783.987","-","0.000"
"USEP","06-Jun-2023","4","120.90","0.00","5751.940","-","0.000"
"USEP","06-Jun-2023","5","118.90","0.00","5716.280","-","0.000"
"USEP","06-Jun-2023","6","118.67","0.00","5666.466","-","0.000"
"USEP","06-Jun-2023","7","107.95","0.00","5626.353","-","0.000"
"USEP","06-Jun-2023","8","101.54","0.00","5604.614","-","0.000"
"USEP","06-Jun-2023","9","107.96","0.00","5608.426","-","0.000"
"USEP","06-Jun-2023","10","95.62","0.00","5609.236","-","0.000"
"USEP","06-Jun-2023","11","118.57","0.00","5675.193","-","0.000"
"USEP","06-Jun-2023","12","118.90","0.00","5781.288","-","0.000"
"USEP","06-Jun-2023","13","143.02","0.00","5961.122","-","0.000"
"USEP","06-Jun-2023","14","174.20","0.00","6147.920","-","0.000"
"USEP","06-Jun-2023","15","174.21","0.00","6320.523","-","0.000"
"USEP","06-Jun-2023","16","175.55","0.00","6495.377","-","0.000"
"USEP","06-Jun-2023","17","205.62","0.00","6663.985","-","0.000"
"USEP","06-Jun-2023","18","231.24","0.00","6767.251","-","0.000"
"USEP","06-Jun-2023","19","174.24","0.00","6812.578","-","0.000"
"USEP","06-Jun-2023","20","169.29","0.00","6842.487","-","0.000"
"USEP","06-Jun-2023","21","175.64","0.00","6901.352","-","0.000"
"USEP","06-Jun-2023","22","174.23","0.00","6911.863","-","0.000"
"USEP","06-Jun-2023","23","169.49","0.00","6892.779","-","0.000"
"USEP","06-Jun-2023","24","174.21","0.00","6848.436","-","0.000"
"USEP","06-Jun-2023","25","174.29","0.00","6754.891","-","0.000"
"USEP","06-Jun-2023","26","169.48","0.00","6712.303","-","0.000"
"USEP","06-Jun-2023","27","281.97","0.00","6839.595","-","0.000"
"USEP","06-Jun-2023","28","231.24","0.00","6931.947","-","0.000"
"USEP","06-Jun-2023","29","203.29","0.00","6959.819","-","0.000"
"USEP","06-Jun-2023","30","169.28","0.00","6879.230","-","0.000"
"USEP","06-Jun-2023","31","171.11","0.00","6854.972","-","0.000"
"USEP","06-Jun-2023","32","303.34","732.50","6886.048","-","6.000"
"USEP","06-Jun-2023","33","332.74","3090.32","6955.847","-","6.000"
"USEP","06-Jun-2023","34","224.90","0.00","6981.448","-","0.000"
"USEP","06-Jun-2023","35","177.43","0.00","6985.017","-","0.000"
"USEP","06-Jun-2023","36","169.31","0.00","6935.938","-","0.000"
"USEP","06-Jun-2023","37","145.78","0.00","6893.211","-","0.000"
"USEP","06-Jun-2023","38","145.04","0.00","6895.950","-","0.000"
"USEP","06-Jun-2023","39","169.24","0.00","6900.075","-","0.000"
"USEP","06-Jun-2023","40","292.52","0.00","6878.649","-","0.000"
"USEP","06-Jun-2023","41","282.01","0.00","6855.116","-","0.000"
"USEP","06-Jun-2023","42","292.91","0.00","6843.332","-","0.000"
"USEP","06-Jun-2023","43","310.61","0.00","6782.981","-","0.000"
"USEP","06-Jun-2023","44","241.78","0.00","6664.238","-","0.000"
"USEP","06-Jun-2023","45","186.40","0.00","6529.526","-","0.000"
"USEP","06-Jun-2023","46","144.23","0.00","6412.021","-","0.000"
"USEP","06-Jun-2023","47","169.45","0.00","6289.083","-","0.000"
"USEP","06-Jun-2023","48","144.00","0.00","6190.026","-","0.000"
"USEP","07-Jun-2023","1","263.47","0.00","6111.142","-","0.000"
"USEP","07-Jun-2023","2","205.52","0.00","5997.170","-","0.000"
"USEP","07-Jun-2023","3","169.11","0.00","5856.688","-","0.000"
"USEP","07-Jun-2023","4","137.07","0.00","5791.382","-","0.000"
"USEP","07-Jun-2023","5","132.96","0.00","5752.695","-","0.000"
"USEP","07-Jun-2023","6","130.69","0.00","5709.069","-","0.000"
"USEP","07-Jun-2023","7","122.95","0.00","5664.746","-","0.000"
"USEP","07-Jun-2023","8","123.34","0.00","5637.083","-","0.000"
"USEP","07-Jun-2023","9","122.56","0.00","5639.966","-","0.000"
"USEP","07-Jun-2023","10","122.56","0.00","5663.752","-","0.000"
"USEP","07-Jun-2023","11","122.02","0.00","5693.607","-","0.000"
"USEP","07-Jun-2023","12","131.95","0.00","5810.621","-","0.000"
"USEP","07-Jun-2023","13","141.58","0.00","5952.291","-","0.000"
"USEP","07-Jun-2023","14","175.45","0.00","6146.131","-","0.000"
"USEP","07-Jun-2023","15","174.18","0.00","6312.422","-","0.000"
"USEP","07-Jun-2023","16","214.71","0.00","6532.364","-","0.000"
"USEP","07-Jun-2023","17","281.88","0.00","6720.021","-","0.000"
"USEP","07-Jun-2023","18","332.70","0.00","6848.859","-","0.000"
"USEP","07-Jun-2023","19","315.62","0.00","6911.108","-","0.000"
"USEP","07-Jun-2023","20","340.37","0.00","6963.671","-","0.000"
"USEP","07-Jun-2023","21","348.93","0.00","6980.325","-","0.000"
"USEP","07-Jun-2023","22","343.28","0.00","6960.366","-","0.000"
"USEP","07-Jun-2023","23","321.29","0.00","6905.626","-","0.000"
"USEP","07-Jun-2023","24","316.08","0.00","6887.819","-","0.000"
"USEP","07-Jun-2023","25","332.67","0.00","6913.345","-","0.000"
"USEP","07-Jun-2023","26","340.35","0.00","6933.886","-","0.000"
"USEP","07-Jun-2023","27","343.25","0.00","6963.984","-","0.000"
"USEP","07-Jun-2023","28","332.71","0.00","6952.056","-","0.000"
"USEP","07-Jun-2023","29","344.55","0.00","6998.381","-","0.000"
"USEP","07-Jun-2023","30","404.26","0.00","7059.960","-","0.000"
"USEP","07-Jun-2023","31","434.31","0.00","7065.118","-","0.000"
"USEP","07-Jun-2023","32","449.70","1986.39","7106.203","-","7.000"
"USEP","07-Jun-2023","33","455.84","0.00","7116.347","-","7.000"
"USEP","07-Jun-2023","34","434.19","31.96","7108.937","-","7.000"
"USEP","07-Jun-2023","35","472.10","4500.00","7138.185","-","7.000"
"USEP","07-Jun-2023","36","434.19","0.00","7081.435","-","0.000"
"USEP","07-Jun-2023","37","383.48","0.00","6989.206","-","0.000"
"USEP","07-Jun-2023","38","682.90","0.00","6957.478","-","0.000"
"USEP","07-Jun-2023","39","715.33","0.00","6975.345","-","0.000"
"USEP","07-Jun-2023","40","554.55","0.00","6958.542","-","0.000"
"USEP","07-Jun-2023","41","715.14","0.00","6948.353","-","0.000"
"USEP","07-Jun-2023","42","536.48","4500.00","6894.371","-","37.000"
"USEP","07-Jun-2023","43","679.43","1691.62","6842.370","-","37.000"
"USEP","07-Jun-2023","44","455.57","2157.95","6730.381","-","37.000"
"USEP","07-Jun-2023","45","404.16","0.00","6618.544","-","0.000"
"USEP","07-Jun-2023","46","324.88","0.00","6488.802","-","0.000"
"USEP","07-Jun-2023","47","315.83","0.00","6380.252","-","0.000"
"USEP","07-Jun-2023","48","174.03","0.00","6187.034","-","0.000"
"USEP","08-Jun-2023","1","169.43","0.00","5992.344","-","0.000"
"USEP","08-Jun-2023","2","118.59","0.00","5869.073","-","0.000"
"USEP","08-Jun-2023","3","103.37","0.00","5858.283","-","0.000"
"USEP","08-Jun-2023","4","125.41","0.00","5806.073","-","0.000"
"USEP","08-Jun-2023","5","133.58","0.00","5777.128","-","0.000"
"USEP","08-Jun-2023","6","118.71","0.00","5722.055","-","0.000"
"USEP","08-Jun-2023","7","111.10","0.00","5691.798","-","0.000"
"USEP","08-Jun-2023","8","107.30","0.00","5659.826","-","0.000"
"USEP","08-Jun-2023","9","105.17","0.00","5647.719","-","0.000"
"USEP","08-Jun-2023","10","104.17","0.00","5679.781","-","0.000"
"USEP","08-Jun-2023","11","111.08","0.00","5734.008","-","0.000"
"USEP","08-Jun-2023","12","122.00","0.00","5839.591","-","0.000"
"USEP","08-Jun-2023","13","177.17","0.00","6007.532","-","0.000"
"USEP","08-Jun-2023","14","220.59","0.00","6178.480","-","0.000"
"USEP","08-Jun-2023","15","262.41","0.00","6361.063","-","0.000"
"USEP","08-Jun-2023","16","332.57","0.00","6558.332","-","0.000"
"USEP","08-Jun-2023","17","394.00","0.00","6733.316","-","0.000"
"USEP","08-Jun-2023","18","485.37","0.00","6845.842","-","0.000"
"USEP","08-Jun-2023","19","445.30","0.00","6918.737","-","0.000"
"USEP","08-Jun-2023","20","496.11","0.00","6966.504","-","0.000"
"USEP","08-Jun-2023","21","521.93","0.00","7004.758","-","0.000"
"USEP","08-Jun-2023","22","485.45","0.00","6980.673","-","0.000"
"USEP","08-Jun-2023","23","434.18","0.00","6926.560","-","0.000"
"USEP","08-Jun-2023","24","404.23","0.00","6886.984","-","0.000"
"USEP","08-Jun-2023","25","383.35","0.00","6854.957","-","0.000"
"USEP","08-Jun-2023","26","393.38","0.00","6876.184","-","0.000"
"USEP","08-Jun-2023","27","394.05","0.00","6898.380","-","0.000"
"USEP","08-Jun-2023","28","455.35","0.00","6948.820","-","0.000"
"USEP","08-Jun-2023","29","455.44","0.00","6964.754","-","0.000"
"USEP","08-Jun-2023","30","391.22","0.00","6927.176","-","0.000"
"USEP","08-Jun-2023","31","455.62","0.00","6965.639","-","0.000"
"USEP","08-Jun-2023","32","496.64","0.00","7026.608","-","8.000"
"USEP","08-Jun-2023","33","587.72","0.00","7118.816","-","8.000"
"USEP","08-Jun-2023","34","2000.41","3.24","7125.883","-","8.000"
"USEP","08-Jun-2023","35","2000.52","3.23","7115.566","-","8.000"
"USEP","08-Jun-2023","36","700.12","0.00","7092.245","-","0.000"
"USEP","08-Jun-2023","37","536.70","0.00","7058.106","-","0.000"
"USEP","08-Jun-2023","38","506.63","0.00","7045.576","-","0.000"
"USEP","08-Jun-2023","39","486.01","0.00","7051.530","-","0.000"
"USEP","08-Jun-2023","40","434.69","0.00","7034.011","-","0.000"
"USEP","08-Jun-2023","41","404.45","0.00","7004.365","-","0.000"
"USEP","08-Jun-2023","42","354.58","0.00","6981.781","-","0.000"
"USEP","08-Jun-2023","43","332.79","0.00","6916.674","-","0.000"
"USEP","08-Jun-2023","44","292.88","0.00","6800.908","-","0.000"
"USEP","08-Jun-2023","45","221.20","0.00","6663.547","-","0.000"
"USEP","08-Jun-2023","46","251.86","0.00","6538.686","-","0.000"
"USEP","08-Jun-2023","47","323.66","0.00","6408.060","-","0.000"
"USEP","08-Jun-2023","48","308.67","0.00","6278.084","-","0.000"
"USEP","09-Jun-2023","1","395.59","0.00","6152.930","-","0.000"
"USEP","09-Jun-2023","2","391.16","0.00","6046.075","-","0.000"
"USEP","09-Jun-2023","3","319.43","0.00","5941.938","-","0.000"
"USEP","09-Jun-2023","4","227.18","0.00","5874.580","-","0.000"
"USEP","09-Jun-2023","5","175.18","0.00","5810.636","-","0.000"
"USEP","09-Jun-2023","6","174.18","0.00","5753.038","-","0.000"
"USEP","09-Jun-2023","7","142.67","0.00","5747.179","-","0.000"
"USEP","09-Jun-2023","8","141.47","0.00","5733.288","-","0.000"
"USEP","09-Jun-2023","9","129.99","0.00","5724.123","-","0.000"
"USEP","09-Jun-2023","10","133.25","0.00","5729.272","-","0.000"
"USEP","09-Jun-2023","11","176.51","0.00","5812.922","-","0.000"
"USEP","09-Jun-2023","12","389.55","0.00","5947.425","-","0.000"
"USEP","09-Jun-2023","13","393.94","0.00","6094.870","-","0.000"
"USEP","09-Jun-2023","14","435.40","0.00","6232.335","-","0.000"
"USEP","09-Jun-2023","15","320.88","0.00","6385.217","-","0.000"
"USEP","09-Jun-2023","16","404.10","0.00","6606.213","-","0.000"
"USEP","09-Jun-2023","17","485.47","0.00","6836.767","-","0.000"
"USEP","09-Jun-2023","18","536.38","4500.00","6938.677","-","38.000"
"USEP","09-Jun-2023","19","506.34","0.00","7045.432","-","0.000"
"USEP","09-Jun-2023","20","485.64","2812.83","7036.875","-","38.000"
"USEP","09-Jun-2023","21","506.67","3502.98","7067.781","-","40.000"
"USEP","09-Jun-2023","22","496.50","3400.86","7059.870","-","48.000"
"USEP","09-Jun-2023","23","536.57","22.48","7074.648","-","8.000"
"USEP","09-Jun-2023","24","530.91","0.00","7057.738","-","0.000"
"USEP","09-Jun-2023","25","485.75","0.00","7025.915","-","0.000"
"USEP","09-Jun-2023","26","445.39","0.00","6988.476","-","0.000"
"USEP","09-Jun-2023","27","434.39","2684.16","6988.465","-","40.000"
"USEP","09-Jun-2023","28","434.19","2219.38","6969.203","-","48.000"
"USEP","09-Jun-2023","29","434.42","2275.35","6991.175","-","48.000"
"USEP","09-Jun-2023","30","404.72","2252.49","6965.724","-","48.000"
"USEP","09-Jun-2023","31","434.82","2613.41","6988.837","-","40.000"
"USEP","09-Jun-2023","32","445.62","2070.29","7005.720","-","40.000"
"USEP","09-Jun-2023","33","404.49","0.00","7062.812","-","0.000"
"USEP","09-Jun-2023","34","668.63","0.00","7124.545","-","0.000"
"USEP","09-Jun-2023","35","434.50","0.00","7095.868","-","0.000"
"USEP","09-Jun-2023","36","434.50","0.00","7045.129","-","0.000"
"USEP","09-Jun-2023","37","398.19","0.00","7056.237","-","0.000"
"USEP","09-Jun-2023","38","383.61","0.00","7044.031","-","0.000"
"USEP","09-Jun-2023","39","363.11","0.00","7026.382","-","0.000"
"USEP","09-Jun-2023","40","254.92","0.00","6970.147","-","0.000"
"USEP","09-Jun-2023","41","241.10","0.00","6937.633","-","0.000"
"USEP","09-Jun-2023","42","207.73","0.00","6900.721","-","0.000"
"USEP","09-Jun-2023","43","204.94","0.00","6855.210","-","0.000"
"USEP","09-Jun-2023","44","177.25","0.00","6743.619","-","0.000"
"USEP","09-Jun-2023","45","183.05","0.00","6647.405","-","0.000"
"USEP","09-Jun-2023","46","174.07","0.00","6567.244","-","0.000"
"USEP","09-Jun-2023","47","174.03","0.00","6457.774","-","0.000"
"USEP","09-Jun-2023","48","169.26","0.00","6359.960","-","0.000"
"USEP","10-Jun-2023","1","456.39","0.00","6239.313","-","0.000"
"USEP","10-Jun-2023","2","464.34","0.00","6098.767","-","0.000"
"USEP","10-Jun-2023","3","456.41","0.00","5995.833","-","0.000"
"USEP","10-Jun-2023","4","436.60","0.00","5929.076","-","0.000"
"USEP","10-Jun-2023","5","406.09","0.00","5870.862","-","0.000"
"USEP","10-Jun-2023","6","318.64","0.00","5817.897","-","0.000"
"USEP","10-Jun-2023","7","313.15","0.00","5785.348","-","0.000"
"USEP","10-Jun-2023","8","242.01","0.00","5752.144","-","0.000"
"USEP","10-Jun-2023","9","241.97","0.00","5756.294","-","0.000"
"USEP","10-Jun-2023","10","315.59","0.00","5760.270","-","0.000"
"USEP","10-Jun-2023","11","313.15","0.00","5780.826","-","0.000"
"USEP","10-Jun-2023","12","241.92","0.00","5809.517","-","0.000"
"USEP","10-Jun-2023","13","257.41","0.00","5888.088","-","0.000"
"USEP","10-Jun-2023","14","243.04","0.00","5937.679","-","0.000"
"USEP","10-Jun-2023","15","311.26","0.00","6009.570","-","0.000"
"USEP","10-Jun-2023","16","383.18","0.00","6131.414","-","0.000"
"USEP","10-Jun-2023","17","395.41","0.00","6294.266","-","0.000"
"USEP","10-Jun-2023","18","393.92","0.00","6390.834","-","0.000"
"USEP","10-Jun-2023","19","313.57","0.00","6442.964","-","0.000"
"USEP","10-Jun-2023","20","312.13","0.00","6466.865","-","0.000"
"USEP","10-Jun-2023","21","324.78","0.00","6547.612","-","0.000"
"USEP","10-Jun-2023","22","363.81","0.00","6626.208","-","0.000"
"USEP","10-Jun-2023","23","342.65","0.00","6574.997","-","0.000"
"USEP","10-Jun-2023","24","261.83","0.00","6481.173","-","0.000"
"USEP","10-Jun-2023","25","188.64","0.00","6433.009","-","0.000"
"USEP","10-Jun-2023","26","188.66","0.00","6429.028","-","0.000"
"USEP","10-Jun-2023","27","222.52","0.00","6423.253","-","0.000"
"USEP","10-Jun-2023","28","177.13","0.00","6383.562","-","0.000"
"USEP","10-Jun-2023","29","175.48","0.00","6415.619","-","0.000"
"USEP","10-Jun-2023","30","174.02","0.00","6435.598","-","0.000"
"USEP","10-Jun-2023","31","169.10","0.00","6401.683","-","0.000"
"USEP","10-Jun-2023","32","143.15","0.00","6344.314","-","0.000"
"USEP","10-Jun-2023","33","134.81","0.00","6326.850","-","0.000"
"USEP","10-Jun-2023","34","136.49","0.00","6317.948","-","0.000"
"USEP","10-Jun-2023","35","142.89","0.00","6340.681","-","0.000"
"USEP","10-Jun-2023","36","143.16","0.00","6387.320","-","0.000"
"USEP","10-Jun-2023","37","175.40","0.00","6524.994","-","0.000"
"USEP","10-Jun-2023","38","313.65","0.00","6654.810","-","0.000"
"USEP","10-Jun-2023","39","292.65","0.00","6723.650","-","0.000"
"USEP","10-Jun-2023","40","272.10","0.00","6718.958","-","0.000"
"USEP","10-Jun-2023","41","302.68","0.00","6726.726","-","0.000"
"USEP","10-Jun-2023","42","373.65","0.00","6724.485","-","0.000"
"USEP","10-Jun-2023","43","498.31","0.00","6706.434","-","0.000"
"USEP","10-Jun-2023","44","477.42","0.00","6634.856","-","0.000"
"USEP","10-Jun-2023","45","487.51","0.00","6533.637","-","0.000"
"USEP","10-Jun-2023","46","477.91","0.00","6448.182","-","0.000"
"USEP","10-Jun-2023","47","395.54","0.00","6346.973","-","0.000"
"USEP","10-Jun-2023","48","456.39","0.00","6237.251","-","0.000"
"USEP","11-Jun-2023","1","300.97","0.00","6114.094","-","0.000"
"USEP","11-Jun-2023","2","246.88","0.00","6023.128","-","0.000"
"USEP","11-Jun-2023","3","154.00","0.00","5955.243","-","0.000"
"USEP","11-Jun-2023","4","155.38","0.00","5902.109","-","0.000"
"USEP","11-Jun-2023","5","137.64","0.00","5844.367","-","0.000"
"USEP","11-Jun-2023","6","121.94","0.00","5783.828","-","0.000"
"USEP","11-Jun-2023","7","122.05","0.00","5720.525","-","0.000"
"USEP","11-Jun-2023","8","122.04","0.00","5681.311","-","0.000"
"USEP","11-Jun-2023","9","117.85","0.00","5686.346","-","0.000"
"USEP","11-Jun-2023","10","155.21","0.00","5701.107","-","0.000"
"USEP","11-Jun-2023","11","154.02","0.00","5678.205","-","0.000"
"USEP","11-Jun-2023","12","155.34","0.00","5729.451","-","0.000"
"USEP","11-Jun-2023","13","155.35","0.00","5792.560","-","0.000"
"USEP","11-Jun-2023","14","155.35","0.00","5816.123","-","0.000"
"USEP","11-Jun-2023","15","142.87","0.00","5810.119","-","0.000"
"USEP","11-Jun-2023","16","154.04","0.00","5837.976","-","0.000"
"USEP","11-Jun-2023","17","154.05","0.00","5902.268","-","0.000"
"USEP","11-Jun-2023","18","154.07","0.00","5951.754","-","0.000"
"USEP","11-Jun-2023","19","157.05","0.00","6061.760","-","0.000"
"USEP","11-Jun-2023","20","173.23","0.00","6135.937","-","0.000"
"USEP","11-Jun-2023","21","173.40","0.00","6180.399","-","0.000"
"USEP","11-Jun-2023","22","173.40","0.00","6191.576","-","0.000"
"USEP","11-Jun-2023","23","173.10","0.00","6186.308","-","0.000"
"USEP","11-Jun-2023","24","173.13","0.00","6166.468","-","0.000"
"USEP","11-Jun-2023","25","164.10","0.00","6103.359","-","0.000"
"USEP","11-Jun-2023","26","126.91","0.00","6031.935","-","0.000"
"USEP","11-Jun-2023","27","117.90","0.00","6032.646","-","0.000"
"USEP","11-Jun-2023","28","121.37","0.00","6063.002","-","0.000"
"USEP","11-Jun-2023","29","122.12","0.00","6062.928","-","0.000"
"USEP","11-Jun-2023","30","122.47","0.00","6071.968","-","0.000"
"USEP","11-Jun-2023","31","142.82","0.00","6101.982","-","0.000"
"USEP","11-Jun-2023","32","117.56","0.00","6029.624","-","0.000"
"USEP","11-Jun-2023","33","117.85","0.00","6055.905","-","0.000"
"USEP","11-Jun-2023","34","164.03","0.00","6222.728","-","0.000"
"USEP","11-Jun-2023","35","192.66","0.00","6225.944","-","0.000"
"USEP","11-Jun-2023","36","155.45","0.00","6217.659","-","0.000"
"USEP","11-Jun-2023","37","165.46","0.00","6277.532","-","0.000"
"USEP","11-Jun-2023","38","188.11","0.00","6403.080","-","0.000"
"USEP","11-Jun-2023","39","220.12","0.00","6546.802","-","0.000"
"USEP","11-Jun-2023","40","301.20","0.00","6616.283","-","0.000"
"USEP","11-Jun-2023","41","254.45","0.00","6635.571","-","0.000"
"USEP","11-Jun-2023","42","229.07","0.00","6627.207","-","0.000"
"USEP","11-Jun-2023","43","203.53","0.00","6601.472","-","0.000"
"USEP","11-Jun-2023","44","203.86","0.00","6542.279","-","0.000"
"USEP","11-Jun-2023","45","310.08","0.00","6504.567","-","0.000"
"USEP","11-Jun-2023","46","508.58","0.00","6494.672","-","0.000"
"USEP","11-Jun-2023","47","508.59","0.00","6415.261","-","0.000"
"USEP","11-Jun-2023","48","456.62","0.00","6326.447","-","0.000"
"USEP","12-Jun-2023","1","231.13","0.00","6198.415","-","0.000"
"USEP","12-Jun-2023","2","175.37","0.00","6045.523","-","0.000"
"USEP","12-Jun-2023","3","175.15","0.00","5911.378","-","0.000"
"USEP","12-Jun-2023","4","174.15","0.00","5866.951","-","0.000"
"USEP","12-Jun-2023","5","205.53","0.00","5820.784","-","0.000"
"USEP","12-Jun-2023","6","123.04","0.00","5763.033","-","0.000"
"USEP","12-Jun-2023","7","122.66","0.00","5724.903","-","0.000"
"USEP","12-Jun-2023","8","123.45","0.00","5717.175","-","0.000"
"USEP","12-Jun-2023","9","122.57","0.00","5695.506","-","0.000"
"USEP","12-Jun-2023","10","123.67","0.00","5706.256","-","0.000"
"USEP","12-Jun-2023","11","124.18","0.00","5747.313","-","0.000"
"USEP","12-Jun-2023","12","174.11","0.00","5869.495","-","0.000"
"USEP","12-Jun-2023","13","174.17","0.00","6053.052","-","0.000"
"USEP","12-Jun-2023","14","205.79","0.00","6233.642","-","0.000"
"USEP","12-Jun-2023","15","205.77","0.00","6429.575","-","0.000"
"USEP","12-Jun-2023","16","241.70","0.00","6637.132","-","0.000"
"USEP","12-Jun-2023","17","292.46","0.00","6823.233","-","0.000"
"USEP","12-Jun-2023","18","306.43","0.00","6956.131","-","0.000"
"USEP","12-Jun-2023","19","251.92","0.00","7025.761","-","0.000"
"USEP","12-Jun-2023","20","292.61","0.00","7099.068","-","0.000"
"USEP","12-Jun-2023","21","302.73","0.00","7130.837","-","0.000"
"USEP","12-Jun-2023","22","343.68","0.00","7172.038","-","0.000"
"USEP","12-Jun-2023","23","353.59","0.00","7168.991","-","0.000"
"USEP","12-Jun-2023","24","302.72","0.00","7090.515","-","0.000"
"USEP","12-Jun-2023","25","282.02","0.00","7028.818","-","0.000"
"USEP","12-Jun-2023","26","270.45","0.00","7004.817","-","0.000"
"USEP","12-Jun-2023","27","292.61","0.00","7048.519","-","0.000"
"USEP","12-Jun-2023","28","302.70","0.00","7087.449","-","0.000"
"USEP","12-Jun-2023","29","251.88","0.00","7026.104","-","0.000"
"USEP","12-Jun-2023","30","251.88","0.00","7015.717","-","0.000"
"USEP","12-Jun-2023","31","241.57","0.00","7011.432","-","0.000"
"USEP","12-Jun-2023","32","231.27","0.00","6985.613","-","0.000"
"USEP","12-Jun-2023","33","195.76","0.00","6964.009","-","0.000"
"USEP","12-Jun-2023","34","204.61","0.00","7013.530","-","0.000"
"USEP","12-Jun-2023","35","204.52","0.00","6933.727","-","0.000"
"USEP","12-Jun-2023","36","195.40","0.00","6921.987","-","0.000"
"USEP","12-Jun-2023","37","204.61","0.00","6882.988","-","0.000"
"USEP","12-Jun-2023","38","195.76","0.00","6884.762","-","0.000"
"USEP","12-Jun-2023","39","204.66","0.00","6878.510","-","0.000"
"USEP","12-Jun-2023","40","204.66","0.00","6875.975","-","0.000"
"USEP","12-Jun-2023","41","204.62","0.00","6849.848","-","0.000"
"USEP","12-Jun-2023","42","177.42","0.00","6812.652","-","0.000"
"USEP","12-Jun-2023","43","204.60","0.00","6746.288","-","0.000"
"USEP","12-Jun-2023","44","254.61","0.00","6627.798","-","0.000"
"USEP","12-Jun-2023","45","229.43","0.00","6512.166","-","0.000"
"USEP","12-Jun-2023","46","177.24","0.00","6387.315","-","0.000"
"USEP","12-Jun-2023","47","179.34","0.00","6262.140","-","0.000"
"USEP","12-Jun-2023","48","134.77","0.00","6124.506","-","0.000"
"USEP","13-Jun-2023","1","163.04","0.00","5994.178","-","0.000"
"USEP","13-Jun-2023","2","175.26","0.00","5888.714","-","0.000"
"USEP","13-Jun-2023","3","141.43","0.00","5794.265","-","0.000"
"USEP","13-Jun-2023","4","116.47","0.00","5746.920","-","0.000"
"USEP","13-Jun-2023","5","116.37","0.00","5705.669","-","0.000"
"USEP","13-Jun-2023","6","166.85","0.00","5661.039","-","0.000"
"USEP","13-Jun-2023","7","116.30","0.00","5625.185","-","0.000"
"USEP","13-Jun-2023","8","116.21","0.00","5601.026","-","0.000"
"USEP","13-Jun-2023","9","98.71","0.00","5564.879","-","0.000"
"USEP","13-Jun-2023","10","96.58","0.00","5556.942","-","0.000"
"USEP","13-Jun-2023","11","111.25","0.00","5638.306","-","0.000"
"USEP","13-Jun-2023","12","116.34","0.00","5758.625","-","0.000"
"USEP","13-Jun-2023","13","116.22","0.00","5927.088","-","0.000"
"USEP","13-Jun-2023","14","138.55","0.00","6112.971","-","0.000"
"USEP","13-Jun-2023","15","122.16","0.00","6316.040","-","0.000"
"USEP","13-Jun-2023","16","147.07","0.00","6553.248","-","0.000"
"USEP","13-Jun-2023","17","166.83","0.00","6744.539","-","0.000"
"USEP","13-Jun-2023","18","174.02","0.00","6872.163","-","0.000"
"USEP","13-Jun-2023","19","174.11","0.00","6968.203","-","0.000"
"USEP","13-Jun-2023","20","174.37","0.00","7020.677","-","0.000"
"USEP","13-Jun-2023","21","174.21","0.00","7019.792","-","0.000"
"USEP","13-Jun-2023","22","174.11","0.00","6970.683","-","0.000"
"USEP","13-Jun-2023","23","174.07","0.00","6930.968","-","0.000"
"USEP","13-Jun-2023","24","167.02","0.00","6854.192","-","0.000"
"USEP","13-Jun-2023","25","147.55","0.00","6791.997","-","0.000"
"USEP","13-Jun-2023","26","166.81","0.00","6819.799","-","0.000"
"USEP","13-Jun-2023","27","166.84","0.00","6840.161","-","0.000"
"USEP","13-Jun-2023","28","167.06","0.00","6861.532","-","0.000"
"USEP","13-Jun-2023","29","174.01","0.00","6910.984","-","0.000"
"USEP","13-Jun-2023","30","174.09","0.00","6962.950","-","0.000"
"USEP","13-Jun-2023","31","174.41","0.00","7032.600","-","0.000"
"USEP","13-Jun-2023","32","174.40","0.00","7060.740","-","0.000"
"USEP","13-Jun-2023","33","174.42","0.00","7088.850","-","0.000"
"USEP","13-Jun-2023","34","208.58","0.00","7142.303","-","0.000"
"USEP","13-Jun-2023","35","185.18","0.00","7112.940","-","0.000"
"USEP","13-Jun-2023","36","174.35","0.00","7036.819","-","0.000"
"USEP","13-Jun-2023","37","210.73","0.00","7035.616","-","0.000"
"USEP","13-Jun-2023","38","184.50","0.00","7036.695","-","0.000"
"USEP","13-Jun-2023","39","175.46","0.00","7025.567","-","0.000"
"USEP","13-Jun-2023","40","174.42","0.00","7013.734","-","0.000"
"USEP","13-Jun-2023","41","175.46","0.00","7014.390","-","0.000"
"USEP","13-Jun-2023","42","174.43","0.00","6987.949","-","0.000"
"USEP","13-Jun-2023","43","176.09","0.00","6940.267","-","0.000"
"USEP","13-Jun-2023","44","174.21","0.00","6821.738","-","0.000"
"USEP","13-Jun-2023","45","190.83","0.00","6709.510","-","0.000"
"USEP","13-Jun-2023","46","190.17","0.00","6600.597","-","0.000"
"USEP","13-Jun-2023","47","302.46","0.00","6463.684","-","0.000"
"USEP","13-Jun-2023","48","177.08","0.00","6268.760","-","0.000"
"USEP","14-Jun-2023","1","175.19","0.00","6091.192","-","0.000"
"USEP","14-Jun-2023","2","126.79","0.00","5983.751","-","0.000"
"USEP","14-Jun-2023","3","123.56","0.00","5912.292","-","0.000"
"USEP","14-Jun-2023","4","230.81","0.00","5854.267","-","0.000"
"USEP","14-Jun-2023","5","230.79","0.00","5837.081","-","0.000"
"USEP","14-Jun-2023","6","126.40","0.00","5781.954","-","0.000"
"USEP","14-Jun-2023","7","110.56","0.00","5730.440","-","0.000"
"USEP","14-Jun-2023","8","140.77","0.00","5698.453","-","0.000"
"USEP","14-Jun-2023","9","140.76","0.00","5694.959","-","0.000"
"USEP","14-Jun-2023","10","115.88","0.00","5717.408","-","0.000"
"USEP","14-Jun-2023","11","110.40","0.00","5765.081","-","0.000"
"USEP","14-Jun-2023","12","251.36","0.00","5897.616","-","0.000"
"USEP","14-Jun-2023","13","290.86","0.00","6047.133","-","0.000"
"USEP","14-Jun-2023","14","281.51","0.00","6239.075","-","0.000"
"USEP","14-Jun-2023","15","292.24","0.00","6436.563","-","0.000"
"USEP","14-Jun-2023","16","342.97","0.00","6668.537","-","0.000"
"USEP","14-Jun-2023","17","230.98","0.00","6842.418","-","0.000"
"USEP","14-Jun-2023","18","241.51","0.00","6910.308","-","0.000"
"USEP","14-Jun-2023","19","176.63","0.00","6954.342","-","0.000"
"USEP","14-Jun-2023","20","176.34","0.00","6962.632","-","0.000"
"USEP","14-Jun-2023","21","166.63","0.00","6971.618","-","0.000"
"USEP","14-Jun-2023","22","176.54","0.00","7009.589","-","0.000"
"USEP","14-Jun-2023","23","176.62","0.00","7022.183","-","0.000"
"USEP","14-Jun-2023","24","166.60","0.00","6944.984","-","0.000"
"USEP","14-Jun-2023","25","151.51","0.00","6814.745","-","0.000"
"USEP","14-Jun-2023","26","162.95","0.00","6839.267","-","0.000"
"USEP","14-Jun-2023","27","170.46","0.00","6979.406","-","0.000"
"USEP","14-Jun-2023","28","175.58","0.00","7007.839","-","0.000"
"USEP","14-Jun-2023","29","166.62","0.00","6983.809","-","0.000"
"USEP","14-Jun-2023","30","166.62","0.00","6977.299","-","0.000"
"USEP","14-Jun-2023","31","176.33","0.00","6995.305","-","0.000"
"USEP","14-Jun-2023","32","176.66","0.00","7036.188","-","0.000"
"USEP","14-Jun-2023","33","176.65","0.00","7028.991","-","0.000"
"USEP","14-Jun-2023","34","176.76","0.00","7110.266","-","0.000"
"USEP","14-Jun-2023","35","180.47","0.00","7131.304","-","0.000"
"USEP","14-Jun-2023","36","176.66","0.00","7037.073","-","0.000"
"USEP","14-Jun-2023","37","175.58","0.00","6951.276","-","0.000"
"USEP","14-Jun-2023","38","175.55","0.00","6936.659","-","0.000"
"USEP","14-Jun-2023","39","176.63","0.00","6960.912","-","0.000"
"USEP","14-Jun-2023","40","176.39","0.00","6946.231","-","0.000"
"USEP","14-Jun-2023","41","176.40","0.00","6939.631","-","0.000"
"USEP","14-Jun-2023","42","176.83","0.00","6914.493","-","0.000"
"USEP","14-Jun-2023","43","177.60","0.00","6852.542","-","0.000"
"USEP","14-Jun-2023","44","190.99","0.00","6728.495","-","0.000"
"USEP","14-Jun-2023","45","174.03","0.00","6594.474","-","0.000"
"USEP","14-Jun-2023","46","166.47","0.00","6481.720","-","0.000"
"USEP","14-Jun-2023","47","260.24","0.00","6338.404","-","6.000"
"USEP","14-Jun-2023","48","116.09","0.00","6193.530","-","0.000"
"USEP","15-Jun-2023","1","140.95","0.00","6044.961","-","0.000"
"USEP","15-Jun-2023","2","122.78","0.00","5935.641","-","0.000"
"USEP","15-Jun-2023","3","113.66","0.00","5855.932","-","0.000"
"USEP","15-Jun-2023","4","113.65","0.00","5791.064","-","0.000"
"USEP","15-Jun-2023","5","115.69","0.00","5761.547","-","0.000"
"USEP","15-Jun-2023","6","115.67","0.00","5710.828","-","0.000"
"USEP","15-Jun-2023","7","113.72","0.00","5666.585","-","0.000"
"USEP","15-Jun-2023","8","110.42","0.00","5616.254","-","0.000"
"USEP","15-Jun-2023","9","110.37","0.00","5612.422","-","0.000"
"USEP","15-Jun-2023","10","105.15","0.00","5628.117","-","0.000"
"USEP","15-Jun-2023","11","107.77","0.00","5680.437","-","0.000"
"USEP","15-Jun-2023","12","115.54","0.00","5805.199","-","0.000"
"USEP","15-Jun-2023","13","107.80","0.00","5975.908","-","0.000"
"USEP","15-Jun-2023","14","115.93","0.00","6153.178","-","0.000"
"USEP","15-Jun-2023","15","130.21","0.00","6348.340","-","0.000"
"USEP","15-Jun-2023","16","181.08","0.00","6561.906","-","0.000"
"USEP","15-Jun-2023","17","145.14","0.00","6772.932","-","0.000"
"USEP","15-Jun-2023","18","186.27","0.00","6882.222","-","0.000"
"USEP","15-Jun-2023","19","166.63","0.00","6931.987","-","0.000"
"USEP","15-Jun-2023","20","166.61","0.00","6954.118","-","0.000"
"USEP","15-Jun-2023","21","179.74","0.00","6983.625","-","0.000"
"USEP","15-Jun-2023","22","166.62","0.00","6970.997","-","0.000"
"USEP","15-Jun-2023","23","166.62","0.00","6942.513","-","0.000"
"USEP","15-Jun-2023","24","166.42","0.00","6894.300","-","0.000"
"USEP","15-Jun-2023","25","166.45","0.00","6897.495","-","0.000"
"USEP","15-Jun-2023","26","163.88","0.00","6940.809","-","0.000"
"USEP","15-Jun-2023","27","163.37","0.00","6913.568","-","0.000"
"USEP","15-Jun-2023","28","158.11","0.00","6872.302","-","0.000"
"USEP","15-Jun-2023","29","144.98","0.00","6826.454","-","0.000"
"USEP","15-Jun-2023","30","145.34","0.00","6840.315","-","0.000"
"USEP","15-Jun-2023","31","166.56","0.00","6948.125","-","0.000"
"USEP","15-Jun-2023","32","186.80","0.00","6995.444","-","0.000"
"USEP","15-Jun-2023","33","241.62","0.00","7051.506","-","0.000"
"USEP","15-Jun-2023","34","332.59","0.00","7107.975","-","0.000"
"USEP","15-Jun-2023","35","343.76","0.00","7163.634","-","0.000"
"USEP","15-Jun-2023","36","329.24","0.00","7073.001","-","0.000"
"USEP","15-Jun-2023","37","190.56","0.00","6961.653","-","0.000"
"USEP","15-Jun-2023","38","186.88","0.00","6900.124","-","0.000"
"USEP","15-Jun-2023","39","190.58","0.00","6944.636","-","0.000"
"USEP","15-Jun-2023","40","266.50","0.00","6969.983","-","0.000"
"USEP","15-Jun-2023","41","264.75","0.00","6962.205","-","0.000"
"USEP","15-Jun-2023","42","302.50","0.00","6947.096","-","0.000"
"USEP","15-Jun-2023","43","322.51","0.00","6873.878","-","0.000"
"USEP","15-Jun-2023","44","166.73","0.00","6751.283","-","0.000"
"USEP","15-Jun-2023","45","166.50","0.00","6606.919","-","0.000"
"USEP","15-Jun-2023","46","281.73","0.00","6503.697","-","0.000"
"USEP","15-Jun-2023","47","332.37","0.00","6387.727","-","0.000"
"USEP","15-Jun-2023","48","282.67","0.00","6276.991","-","0.000"
